CGPA,Projects,Internships,Coding_Score,Package_LPA
6.2,0,0,48,3.0
6.5,1,0,52,3.2
6.8,1,0,58,3.5
7.0,1,1,55,4.0
7.2,2,0,62,4.2
7.4,1,1,65,4.8
7.5,2,1,68,5.0
7.6,2,1,72,5.3
7.8,2,1,70,5.4
8.0,2,1,75,5.8
8.1,3,1,78,6.2
8.2,2,2,76,6.4
8.3,3,1,82,6.7
8.4,3,2,80,7.0
8.5,3,2,84,7.3
8.6,4,2,85,7.7
8.7,3,2,88,7.8
8.8,4,2,87,8.1
8.9,4,2,90,8.5
9.0,4,2,91,8.8
9.1,4,2,93,9.1
9.2,5,2,92,9.3
9.3,4,3,94,9.7
9.4,5,3,95,10.1
9.5,5,3,96,10.5
6.3,1,0,50,3.1
6.6,0,1,54,3.6
6.9,2,0,60,3.9
7.1,2,1,63,4.6
7.3,2,1,66,4.9
7.7,3,1,73,5.7
7.9,1,2,74,5.9
8.0,3,1,77,6.0
8.2,3,2,81,6.6
8.4,4,1,83,6.9
8.5,2,2,86,7.1
8.7,4,2,89,8.0
8.9,3,3,91,8.6
9.0,5,2,92,9.0
9.2,5,3,94,9.6
9.4,4,3,97,10.0
6.4,1,0,49,3.1
6.7,1,1,57,3.8
7.0,2,0,61,4.0
7.2,1,1,64,4.5
7.5,3,1,69,5.2
7.6,2,2,71,5.7
7.8,3,1,75,5.8
8.1,3,2,79,6.5
8.3,2,2,83,6.8
8.5,4,2,85,7.5
8.6,3,3,87,7.9
8.8,5,2,90,8.4
9.0,4,3,93,9.0
9.3,5,3,96,9.9
9.5,5,3,98,10.6
6.1,0,0,45,2.8
6.5,1,1,53,3.7
6.9,1,0,59,3.6
7.1,2,1,60,4.4
7.4,2,1,67,4.9
7.7,2,2,70,5.6
7.9,3,1,76,5.9
8.0,2,2,74,6.1
8.2,4,1,80,6.5
8.4,3,2,82,7.0
8.6,4,2,86,7.6
8.8,4,3,89,8.5
9.1,5,2,92,9.0
9.3,5,3,95,9.8
9.6,5,3,98,10.7
6.3,0,1,51,3.3
6.8,2,0,56,3.8
7.0,1,1,63,4.3
7.3,3,0,65,4.5
7.5,2,1,67,5.0
7.8,3,2,72,6.0
8.0,3,2,78,6.3
8.3,4,1,81,6.7
8.5,3,2,84,7.2
8.7,4,3,88,8.2
8.9,5,2,91,8.7
9.0,4,3,94,9.1
9.2,5,3,96,9.8
9.4,5,3,97,10.2
9.7,5,3,99,11.0
6.6,1,0,55,3.4
7.2,2,0,61,4.1
7.6,2,1,69,5.1
8.1,3,1,77,6.1
8.4,3,2,85,7.1
8.8,4,2,90,8.3
9.1,5,2,93,9.2
9.5,5,3,97,10.4